CPF,Matéria,Pontuação_aluno,Percentual_Acerto,Comparação Média
010.715.382-38,Física,1,0.14285714285714285,Abaixo da Média
010.715.382-38,Geografia ,0,0.0,Abaixo da Média
010.715.382-38,História ,1,0.16666666666666666,Abaixo da Média
010.715.382-38,Inglês,3,0.6000000000000001,Acima da Média
010.715.382-38,Interdisciplinar ,1,0.14285714285714285,Abaixo da Média
010.715.382-38,Matemática,0,0.0,Abaixo da Média
010.715.382-38,Português ,0,0.0,Abaixo da Média
010.715.382-38,Química ,3,0.42857142857142855,Acima da Média
020.3102.240-101,Física,1,0.14285714285714285,Abaixo da Média
020.3102.240-101,Geografia ,0,0.0,Abaixo da Média
020.3102.240-101,História ,2,0.3333333333333333,Acima da Média
020.3102.240-101,Inglês,0,0.0,Abaixo da Média
020.3102.240-101,Interdisciplinar ,2,0.2857142857142857,Acima da Média
020.3102.240-101,Matemática,3,0.3333333333333333,Acima da Média
020.3102.240-101,Português ,4,0.3333333333333333,Acima da Média
020.3102.240-101,Química ,2,0.2857142857142857,Acima da Média
030.1018.323-88,Física,0,0.0,Abaixo da Média
030.1018.323-88,Geografia ,1,0.14285714285714285,Abaixo da Média
030.1018.323-88,História ,1,0.16666666666666666,Abaixo da Média
030.1018.323-88,Inglês,2,0.4,Acima da Média
030.1018.323-88,Interdisciplinar ,1,0.14285714285714285,Abaixo da Média
030.1018.323-88,Matemática,2,0.2222222222222222,Acima da Média
030.1018.323-88,Português ,2,0.16666666666666666,Abaixo da Média
030.1018.323-88,Química ,0,0.0,Abaixo da Média
031.378.811-44,Física,0,0.0,Abaixo da Média
031.378.811-44,Geografia ,0,0.0,Abaixo da Média
031.378.811-44,História ,3,0.5,Acima da Média
031.378.811-44,Inglês,1,0.2,Acima da Média
031.378.811-44,Interdisciplinar ,2,0.2857142857142857,Acima da Média
031.378.811-44,Matemática,2,0.2222222222222222,Acima da Média
031.378.811-44,Português ,3,0.25,Acima da Média
031.378.811-44,Química ,1,0.14285714285714285,Abaixo da Média
075.835.847-48,Física,0,0.0,Abaixo da Média
075.835.847-48,Geografia ,2,0.2857142857142857,Acima da Média
075.835.847-48,História ,1,0.16666666666666666,Abaixo da Média
075.835.847-48,Inglês,2,0.4,Acima da Média
075.835.847-48,Interdisciplinar ,0,0.0,Abaixo da Média
075.835.847-48,Matemática,4,0.4444444444444444,Acima da Média
075.835.847-48,Português ,1,0.08333333333333333,Abaixo da Média
075.835.847-48,Química ,3,0.42857142857142855,Acima da Média
082.9110.143-31,Física,1,0.14285714285714285,Abaixo da Média
082.9110.143-31,Geografia ,1,0.14285714285714285,Abaixo da Média
082.9110.143-31,História ,1,0.16666666666666666,Abaixo da Média
082.9110.143-31,Inglês,0,0.0,Abaixo da Média
082.9110.143-31,Interdisciplinar ,1,0.14285714285714285,Abaixo da Média
082.9110.143-31,Matemática,2,0.2222222222222222,Acima da Média
082.9110.143-31,Português ,4,0.3333333333333333,Acima da Média
082.9110.143-31,Química ,0,0.0,Abaixo da Média
1011.1075.166-41,Física,1,0.14285714285714285,Abaixo da Média
1011.1075.166-41,Geografia ,3,0.42857142857142855,Acima da Média
1011.1075.166-41,História ,1,0.16666666666666666,Abaixo da Média
1011.1075.166-41,Inglês,1,0.2,Acima da Média
1011.1075.166-41,Interdisciplinar ,1,0.14285714285714285,Abaixo da Média
1011.1075.166-41,Matemática,2,0.2222222222222222,Acima da Média
1011.1075.166-41,Português ,1,0.08333333333333333,Abaixo da Média
1011.1075.166-41,Química ,3,0.42857142857142855,Acima da Média
1025.755.3106-42,Física,2,0.2857142857142857,Acima da Média
1025.755.3106-42,Geografia ,3,0.42857142857142855,Acima da Média
1025.755.3106-42,História ,2,0.3333333333333333,Acima da Média
1025.755.3106-42,Inglês,0,0.0,Abaixo da Média
1025.755.3106-42,Interdisciplinar ,1,0.14285714285714285,Abaixo da Média
1025.755.3106-42,Matemática,2,0.2222222222222222,Acima da Média
1025.755.3106-42,Português ,3,0.25,Acima da Média
1025.755.3106-42,Química ,2,0.2857142857142857,Acima da Média
1025.855.567-07,Física,1,0.14285714285714285,Abaixo da Média
1025.855.567-07,Geografia ,3,0.42857142857142855,Acima da Média
1025.855.567-07,História ,2,0.3333333333333333,Acima da Média
1025.855.567-07,Inglês,0,0.0,Abaixo da Média
1025.855.567-07,Interdisciplinar ,2,0.2857142857142857,Acima da Média
1025.855.567-07,Matemática,1,0.1111111111111111,Abaixo da Média
1025.855.567-07,Português ,3,0.25,Acima da Média
1025.855.567-07,Química ,1,0.14285714285714285,Abaixo da Média
1050.541.291-65,Física,1,0.14285714285714285,Abaixo da Média
1050.541.291-65,Geografia ,2,0.2857142857142857,Acima da Média
1050.541.291-65,História ,0,0.0,Abaixo da Média
1050.541.291-65,Inglês,2,0.4,Acima da Média
1050.541.291-65,Interdisciplinar ,4,0.5714285714285714,Acima da Média
1050.541.291-65,Matemática,1,0.1111111111111111,Abaixo da Média
1050.541.291-65,Português ,4,0.3333333333333333,Acima da Média
1050.541.291-65,Química ,0,0.0,Abaixo da Média
10710.692.242-23,Física,3,0.42857142857142855,Acima da Média
10710.692.242-23,Geografia ,1,0.14285714285714285,Abaixo da Média
10710.692.242-23,História ,1,0.16666666666666666,Abaixo da Média
10710.692.242-23,Inglês,0,0.0,Abaixo da Média
10710.692.242-23,Interdisciplinar ,1,0.14285714285714285,Abaixo da Média
10710.692.242-23,Matemática,3,0.3333333333333333,Acima da Média
10710.692.242-23,Português ,2,0.16666666666666666,Abaixo da Média
10710.692.242-23,Química ,3,0.42857142857142855,Acima da Média
1082.967.952-23,Física,1,0.14285714285714285,Abaixo da Média
1082.967.952-23,Geografia ,0,0.0,Abaixo da Média
1082.967.952-23,História ,2,0.3333333333333333,Acima da Média
1082.967.952-23,Inglês,0,0.0,Abaixo da Média
1082.967.952-23,Interdisciplinar ,2,0.2857142857142857,Acima da Média
1082.967.952-23,Matemática,0,0.0,Abaixo da Média
1082.967.952-23,Português ,2,0.16666666666666666,Abaixo da Média
1082.967.952-23,Química ,3,0.42857142857142855,Acima da Média
1084.343.435-85,Física,2,0.2857142857142857,Acima da Média
1084.343.435-85,Geografia ,1,0.14285714285714285,Abaixo da Média
1084.343.435-85,História ,1,0.16666666666666666,Abaixo da Média
1084.343.435-85,Inglês,1,0.2,Acima da Média
1084.343.435-85,Interdisciplinar ,4,0.5714285714285714,Acima da Média
1084.343.435-85,Matemática,3,0.3333333333333333,Acima da Média
1084.343.435-85,Português ,3,0.25,Acima da Média
1084.343.435-85,Química ,2,0.2857142857142857,Acima da Média
1088.623.545-15,Física,2,0.2857142857142857,Acima da Média
1088.623.545-15,Geografia ,2,0.2857142857142857,Acima da Média
1088.623.545-15,História ,1,0.16666666666666666,Abaixo da Média
1088.623.545-15,Inglês,0,0.0,Abaixo da Média
1088.623.545-15,Interdisciplinar ,4,0.5714285714285714,Acima da Média
1088.623.545-15,Matemática,2,0.2222222222222222,Acima da Média
1088.623.545-15,Português ,2,0.16666666666666666,Abaixo da Média
1088.623.545-15,Química ,1,0.14285714285714285,Abaixo da Média
142.101.996-84,Física,1,0.14285714285714285,Abaixo da Média
142.101.996-84,Geografia ,1,0.14285714285714285,Abaixo da Média
142.101.996-84,História ,2,0.3333333333333333,Acima da Média
142.101.996-84,Inglês,1,0.2,Acima da Média
142.101.996-84,Interdisciplinar ,0,0.0,Abaixo da Média
142.101.996-84,Matemática,1,0.1111111111111111,Abaixo da Média
142.101.996-84,Português ,4,0.3333333333333333,Acima da Média
142.101.996-84,Química ,1,0.14285714285714285,Abaixo da Média
143.626.132-16,Física,0,0.0,Abaixo da Média
143.626.132-16,Geografia ,0,0.0,Abaixo da Média
143.626.132-16,História ,2,0.3333333333333333,Acima da Média
143.626.132-16,Inglês,0,0.0,Abaixo da Média
143.626.132-16,Interdisciplinar ,0,0.0,Abaixo da Média
143.626.132-16,Matemática,3,0.3333333333333333,Acima da Média
143.626.132-16,Português ,3,0.25,Acima da Média
143.626.132-16,Química ,0,0.0,Abaixo da Média
157.145.658-62,Física,3,0.42857142857142855,Acima da Média
157.145.658-62,Geografia ,2,0.2857142857142857,Acima da Média
157.145.658-62,História ,2,0.3333333333333333,Acima da Média
157.145.658-62,Inglês,0,0.0,Abaixo da Média
157.145.658-62,Interdisciplinar ,2,0.2857142857142857,Acima da Média
157.145.658-62,Matemática,1,0.1111111111111111,Abaixo da Média
157.145.658-62,Português ,2,0.16666666666666666,Abaixo da Média
157.145.658-62,Química ,5,0.7142857142857142,Acima da Média
158.123.1023-65,Física,2,0.2857142857142857,Acima da Média
158.123.1023-65,Geografia ,0,0.0,Abaixo da Média
158.123.1023-65,História ,1,0.16666666666666666,Abaixo da Média
158.123.1023-65,Inglês,3,0.6000000000000001,Acima da Média
158.123.1023-65,Interdisciplinar ,1,0.14285714285714285,Abaixo da Média
158.123.1023-65,Matemática,1,0.1111111111111111,Abaixo da Média
158.123.1023-65,Português ,1,0.08333333333333333,Abaixo da Média
158.123.1023-65,Química ,1,0.14285714285714285,Abaixo da Média
159.1009.987-32,Física,3,0.42857142857142855,Acima da Média
159.1009.987-32,Geografia ,2,0.2857142857142857,Acima da Média
159.1009.987-32,História ,0,0.0,Abaixo da Média
159.1009.987-32,Inglês,0,0.0,Abaixo da Média
159.1009.987-32,Interdisciplinar ,2,0.2857142857142857,Acima da Média
159.1009.987-32,Matemática,1,0.1111111111111111,Abaixo da Média
159.1009.987-32,Português ,2,0.16666666666666666,Abaixo da Média
159.1009.987-32,Química ,2,0.2857142857142857,Acima da Média
165.6107.711-08,Física,1,0.14285714285714285,Abaixo da Média
165.6107.711-08,Geografia ,1,0.14285714285714285,Abaixo da Média
165.6107.711-08,História ,0,0.0,Abaixo da Média
165.6107.711-08,Inglês,3,0.6000000000000001,Acima da Média
165.6107.711-08,Interdisciplinar ,0,0.0,Abaixo da Média
165.6107.711-08,Matemática,3,0.3333333333333333,Acima da Média
165.6107.711-08,Português ,2,0.16666666666666666,Abaixo da Média
165.6107.711-08,Química ,0,0.0,Abaixo da Média
176.521.4107-68,Física,2,0.2857142857142857,Acima da Média
176.521.4107-68,Geografia ,2,0.2857142857142857,Acima da Média
176.521.4107-68,História ,0,0.0,Abaixo da Média
176.521.4107-68,Inglês,1,0.2,Acima da Média
176.521.4107-68,Interdisciplinar ,1,0.14285714285714285,Abaixo da Média
176.521.4107-68,Matemática,1,0.1111111111111111,Abaixo da Média
176.521.4107-68,Português ,3,0.25,Acima da Média
176.521.4107-68,Química ,2,0.2857142857142857,Acima da Média
177.312.677-28,Física,1,0.14285714285714285,Abaixo da Média
177.312.677-28,Geografia ,5,0.7142857142857142,Acima da Média
177.312.677-28,História ,1,0.16666666666666666,Abaixo da Média
177.312.677-28,Inglês,0,0.0,Abaixo da Média
177.312.677-28,Interdisciplinar ,2,0.2857142857142857,Acima da Média
177.312.677-28,Matemática,2,0.2222222222222222,Acima da Média
177.312.677-28,Português ,4,0.3333333333333333,Acima da Média
177.312.677-28,Química ,2,0.2857142857142857,Acima da Média
181.950.873-16,Física,1,0.14285714285714285,Abaixo da Média
181.950.873-16,Geografia ,0,0.0,Abaixo da Média
181.950.873-16,História ,3,0.5,Acima da Média
181.950.873-16,Inglês,1,0.2,Acima da Média
181.950.873-16,Interdisciplinar ,1,0.14285714285714285,Abaixo da Média
181.950.873-16,Matemática,0,0.0,Abaixo da Média
181.950.873-16,Português ,2,0.16666666666666666,Abaixo da Média
181.950.873-16,Química ,2,0.2857142857142857,Acima da Média
190.7109.476-80,Física,0,0.0,Abaixo da Média
190.7109.476-80,Geografia ,1,0.14285714285714285,Abaixo da Média
190.7109.476-80,História ,0,0.0,Abaixo da Média
190.7109.476-80,Inglês,0,0.0,Abaixo da Média
190.7109.476-80,Interdisciplinar ,0,0.0,Abaixo da Média
190.7109.476-80,Matemática,0,0.0,Abaixo da Média
190.7109.476-80,Português ,4,0.3333333333333333,Acima da Média
190.7109.476-80,Química ,1,0.14285714285714285,Abaixo da Média
196.010.796-100,Física,1,0.14285714285714285,Abaixo da Média
196.010.796-100,Geografia ,1,0.14285714285714285,Abaixo da Média
196.010.796-100,História ,2,0.3333333333333333,Acima da Média
196.010.796-100,Inglês,1,0.2,Acima da Média
196.010.796-100,Interdisciplinar ,0,0.0,Abaixo da Média
196.010.796-100,Matemática,0,0.0,Abaixo da Média
196.010.796-100,Português ,3,0.25,Acima da Média
196.010.796-100,Química ,2,0.2857142857142857,Acima da Média
2107.492.8105-22,Física,4,0.5714285714285714,Acima da Média
2107.492.8105-22,Geografia ,1,0.14285714285714285,Abaixo da Média
2107.492.8105-22,História ,0,0.0,Abaixo da Média
2107.492.8105-22,Inglês,0,0.0,Abaixo da Média
2107.492.8105-22,Interdisciplinar ,0,0.0,Abaixo da Média
2107.492.8105-22,Matemática,2,0.2222222222222222,Acima da Média
2107.492.8105-22,Português ,1,0.08333333333333333,Abaixo da Média
2107.492.8105-22,Química ,0,0.0,Abaixo da Média
223.473.799-75,Física,1,0.14285714285714285,Abaixo da Média
223.473.799-75,Geografia ,2,0.2857142857142857,Acima da Média
223.473.799-75,História ,1,0.16666666666666666,Abaixo da Média
223.473.799-75,Inglês,0,0.0,Abaixo da Média
223.473.799-75,Interdisciplinar ,1,0.14285714285714285,Abaixo da Média
223.473.799-75,Matemática,1,0.1111111111111111,Abaixo da Média
223.473.799-75,Português ,2,0.16666666666666666,Abaixo da Média
223.473.799-75,Química ,0,0.0,Abaixo da Média
225.1057.355-73,Física,4,0.5714285714285714,Acima da Média
225.1057.355-73,Geografia ,1,0.14285714285714285,Abaixo da Média
225.1057.355-73,História ,1,0.16666666666666666,Abaixo da Média
225.1057.355-73,Inglês,0,0.0,Abaixo da Média
225.1057.355-73,Interdisciplinar ,0,0.0,Abaixo da Média
225.1057.355-73,Matemática,0,0.0,Abaixo da Média
225.1057.355-73,Português ,2,0.16666666666666666,Abaixo da Média
225.1057.355-73,Química ,0,0.0,Abaixo da Média
234.160.287-09,Física,2,0.2857142857142857,Acima da Média
234.160.287-09,Geografia ,2,0.2857142857142857,Acima da Média
234.160.287-09,História ,1,0.16666666666666666,Abaixo da Média
234.160.287-09,Inglês,1,0.2,Acima da Média
234.160.287-09,Interdisciplinar ,2,0.2857142857142857,Acima da Média
234.160.287-09,Matemática,1,0.1111111111111111,Abaixo da Média
234.160.287-09,Português ,3,0.25,Acima da Média
234.160.287-09,Química ,0,0.0,Abaixo da Média
245.6310.333-53,Física,1,0.14285714285714285,Abaixo da Média
245.6310.333-53,Geografia ,0,0.0,Abaixo da Média
245.6310.333-53,História ,3,0.5,Acima da Média
245.6310.333-53,Inglês,2,0.4,Acima da Média
245.6310.333-53,Interdisciplinar ,2,0.2857142857142857,Acima da Média
245.6310.333-53,Matemática,1,0.1111111111111111,Abaixo da Média
245.6310.333-53,Português ,2,0.16666666666666666,Abaixo da Média
245.6310.333-53,Química ,2,0.2857142857142857,Acima da Média
246.492.996-63,Física,2,0.2857142857142857,Acima da Média
246.492.996-63,Geografia ,1,0.14285714285714285,Abaixo da Média
246.492.996-63,História ,1,0.16666666666666666,Abaixo da Média
246.492.996-63,Inglês,0,0.0,Abaixo da Média
246.492.996-63,Interdisciplinar ,1,0.14285714285714285,Abaixo da Média
246.492.996-63,Matemática,2,0.2222222222222222,Acima da Média
246.492.996-63,Português ,0,0.0,Abaixo da Média
246.492.996-63,Química ,1,0.14285714285714285,Abaixo da Média
246.913.998-102,Física,2,0.2857142857142857,Acima da Média
246.913.998-102,Geografia ,2,0.2857142857142857,Acima da Média
246.913.998-102,História ,0,0.0,Abaixo da Média
246.913.998-102,Inglês,3,0.6000000000000001,Acima da Média
246.913.998-102,Interdisciplinar ,2,0.2857142857142857,Acima da Média
246.913.998-102,Matemática,2,0.2222222222222222,Acima da Média
246.913.998-102,Português ,3,0.25,Acima da Média
246.913.998-102,Química ,3,0.42857142857142855,Acima da Média
256.860.1057-23,Física,3,0.42857142857142855,Acima da Média
256.860.1057-23,Geografia ,1,0.14285714285714285,Abaixo da Média
256.860.1057-23,História ,1,0.16666666666666666,Abaixo da Média
256.860.1057-23,Inglês,1,0.2,Acima da Média
256.860.1057-23,Interdisciplinar ,2,0.2857142857142857,Acima da Média
256.860.1057-23,Matemática,2,0.2222222222222222,Acima da Média
256.860.1057-23,Português ,2,0.16666666666666666,Abaixo da Média
256.860.1057-23,Química ,4,0.5714285714285714,Acima da Média
262.513.684-16,Física,0,0.0,Abaixo da Média
262.513.684-16,Geografia ,1,0.14285714285714285,Abaixo da Média
262.513.684-16,História ,0,0.0,Abaixo da Média
262.513.684-16,Inglês,2,0.4,Acima da Média
262.513.684-16,Interdisciplinar ,2,0.2857142857142857,Acima da Média
262.513.684-16,Matemática,2,0.2222222222222222,Acima da Média
262.513.684-16,Português ,2,0.16666666666666666,Abaixo da Média
262.513.684-16,Química ,3,0.42857142857142855,Acima da Média
283.387.1001-67,Física,3,0.42857142857142855,Acima da Média
283.387.1001-67,Geografia ,2,0.2857142857142857,Acima da Média
283.387.1001-67,História ,3,0.5,Acima da Média
283.387.1001-67,Inglês,1,0.2,Acima da Média
283.387.1001-67,Interdisciplinar ,0,0.0,Abaixo da Média
283.387.1001-67,Matemática,1,0.1111111111111111,Abaixo da Média
283.387.1001-67,Português ,4,0.3333333333333333,Acima da Média
283.387.1001-67,Química ,0,0.0,Abaixo da Média
284.278.846-46,Física,0,0.0,Abaixo da Média
284.278.846-46,Geografia ,0,0.0,Abaixo da Média
284.278.846-46,História ,0,0.0,Abaixo da Média
284.278.846-46,Inglês,1,0.2,Acima da Média
284.278.846-46,Interdisciplinar ,1,0.14285714285714285,Abaixo da Média
284.278.846-46,Matemática,5,0.5555555555555556,Acima da Média
284.278.846-46,Português ,4,0.3333333333333333,Acima da Média
284.278.846-46,Química ,1,0.14285714285714285,Abaixo da Média
289.866.375-910,Física,1,0.14285714285714285,Abaixo da Média
289.866.375-910,Geografia ,1,0.14285714285714285,Abaixo da Média
289.866.375-910,História ,2,0.3333333333333333,Acima da Média
289.866.375-910,Inglês,0,0.0,Abaixo da Média
289.866.375-910,Interdisciplinar ,2,0.2857142857142857,Acima da Média
289.866.375-910,Matemática,2,0.2222222222222222,Acima da Média
289.866.375-910,Português ,2,0.16666666666666666,Abaixo da Média
289.866.375-910,Química ,0,0.0,Abaixo da Média
299.727.975-77,Física,1,0.14285714285714285,Abaixo da Média
299.727.975-77,Geografia ,0,0.0,Abaixo da Média
299.727.975-77,História ,2,0.3333333333333333,Acima da Média
299.727.975-77,Inglês,1,0.2,Acima da Média
299.727.975-77,Interdisciplinar ,0,0.0,Abaixo da Média
299.727.975-77,Matemática,1,0.1111111111111111,Abaixo da Média
299.727.975-77,Português ,3,0.25,Acima da Média
299.727.975-77,Química ,1,0.14285714285714285,Abaixo da Média
303.876.908-33,Física,2,0.2857142857142857,Acima da Média
303.876.908-33,Geografia ,4,0.5714285714285714,Acima da Média
303.876.908-33,História ,2,0.3333333333333333,Acima da Média
303.876.908-33,Inglês,3,0.6000000000000001,Acima da Média
303.876.908-33,Interdisciplinar ,4,0.5714285714285714,Acima da Média
303.876.908-33,Matemática,1,0.1111111111111111,Abaixo da Média
303.876.908-33,Português ,4,0.3333333333333333,Acima da Média
303.876.908-33,Química ,1,0.14285714285714285,Abaixo da Média
337.272.184-92,Física,2,0.2857142857142857,Acima da Média
337.272.184-92,Geografia ,2,0.2857142857142857,Acima da Média
337.272.184-92,História ,1,0.16666666666666666,Abaixo da Média
337.272.184-92,Inglês,0,0.0,Abaixo da Média
337.272.184-92,Interdisciplinar ,1,0.14285714285714285,Abaixo da Média
337.272.184-92,Matemática,4,0.4444444444444444,Acima da Média
337.272.184-92,Português ,2,0.16666666666666666,Abaixo da Média
337.272.184-92,Química ,3,0.42857142857142855,Acima da Média
337.872.10410-44,Física,1,0.14285714285714285,Abaixo da Média
337.872.10410-44,Geografia ,2,0.2857142857142857,Acima da Média
337.872.10410-44,História ,1,0.16666666666666666,Abaixo da Média
337.872.10410-44,Inglês,0,0.0,Abaixo da Média
337.872.10410-44,Interdisciplinar ,1,0.14285714285714285,Abaixo da Média
337.872.10410-44,Matemática,0,0.0,Abaixo da Média
337.872.10410-44,Português ,2,0.16666666666666666,Abaixo da Média
337.872.10410-44,Química ,1,0.14285714285714285,Abaixo da Média
345.357.181-63,Física,0,0.0,Abaixo da Média
345.357.181-63,Geografia ,2,0.2857142857142857,Acima da Média
345.357.181-63,História ,1,0.16666666666666666,Abaixo da Média
345.357.181-63,Inglês,0,0.0,Abaixo da Média
345.357.181-63,Interdisciplinar ,0,0.0,Abaixo da Média
345.357.181-63,Matemática,0,0.0,Abaixo da Média
345.357.181-63,Português ,2,0.16666666666666666,Abaixo da Média
345.357.181-63,Química ,2,0.2857142857142857,Acima da Média
350.472.138-210,Física,1,0.14285714285714285,Abaixo da Média
350.472.138-210,Geografia ,2,0.2857142857142857,Acima da Média
350.472.138-210,História ,2,0.3333333333333333,Acima da Média
350.472.138-210,Inglês,0,0.0,Abaixo da Média
350.472.138-210,Interdisciplinar ,2,0.2857142857142857,Acima da Média
350.472.138-210,Matemática,2,0.2222222222222222,Acima da Média
350.472.138-210,Português ,5,0.41666666666666663,Acima da Média
350.472.138-210,Química ,1,0.14285714285714285,Abaixo da Média
357.811.264-73,Física,0,0.0,Abaixo da Média
357.811.264-73,Geografia ,2,0.2857142857142857,Acima da Média
357.811.264-73,História ,2,0.3333333333333333,Acima da Média
357.811.264-73,Inglês,1,0.2,Acima da Média
357.811.264-73,Interdisciplinar ,0,0.0,Abaixo da Média
357.811.264-73,Matemática,3,0.3333333333333333,Acima da Média
357.811.264-73,Português ,1,0.08333333333333333,Abaixo da Média
357.811.264-73,Química ,1,0.14285714285714285,Abaixo da Média
371.629.499-81,Física,3,0.42857142857142855,Acima da Média
371.629.499-81,Geografia ,0,0.0,Abaixo da Média
371.629.499-81,História ,1,0.16666666666666666,Abaixo da Média
371.629.499-81,Inglês,1,0.2,Acima da Média
371.629.499-81,Interdisciplinar ,2,0.2857142857142857,Acima da Média
371.629.499-81,Matemática,1,0.1111111111111111,Abaixo da Média
371.629.499-81,Português ,3,0.25,Acima da Média
371.629.499-81,Química ,2,0.2857142857142857,Acima da Média
371.934.306-03,Física,0,0.0,Abaixo da Média
371.934.306-03,Geografia ,2,0.2857142857142857,Acima da Média
371.934.306-03,História ,1,0.16666666666666666,Abaixo da Média
371.934.306-03,Inglês,1,0.2,Acima da Média
371.934.306-03,Interdisciplinar ,2,0.2857142857142857,Acima da Média
371.934.306-03,Matemática,2,0.2222222222222222,Acima da Média
371.934.306-03,Português ,3,0.25,Acima da Média
371.934.306-03,Química ,3,0.42857142857142855,Acima da Média
373.232.366-69,Física,0,0.0,Abaixo da Média
373.232.366-69,Geografia ,2,0.2857142857142857,Acima da Média
373.232.366-69,História ,2,0.3333333333333333,Acima da Média
373.232.366-69,Inglês,1,0.2,Acima da Média
373.232.366-69,Interdisciplinar ,0,0.0,Abaixo da Média
373.232.366-69,Matemática,3,0.3333333333333333,Acima da Média
373.232.366-69,Português ,0,0.0,Abaixo da Média
373.232.366-69,Química ,2,0.2857142857142857,Acima da Média
374.281.953-87,Física,1,0.14285714285714285,Abaixo da Média
374.281.953-87,Geografia ,2,0.2857142857142857,Acima da Média
374.281.953-87,História ,2,0.3333333333333333,Acima da Média
374.281.953-87,Inglês,2,0.4,Acima da Média
374.281.953-87,Interdisciplinar ,0,0.0,Abaixo da Média
374.281.953-87,Matemática,1,0.1111111111111111,Abaixo da Média
374.281.953-87,Português ,4,0.3333333333333333,Acima da Média
374.281.953-87,Química ,0,0.0,Abaixo da Média
381.873.631-61,Física,2,0.2857142857142857,Acima da Média
381.873.631-61,Geografia ,1,0.14285714285714285,Abaixo da Média
381.873.631-61,História ,2,0.3333333333333333,Acima da Média
381.873.631-61,Inglês,0,0.0,Abaixo da Média
381.873.631-61,Interdisciplinar ,1,0.14285714285714285,Abaixo da Média
381.873.631-61,Matemática,1,0.1111111111111111,Abaixo da Média
381.873.631-61,Português ,4,0.3333333333333333,Acima da Média
381.873.631-61,Química ,0,0.0,Abaixo da Média
387.109.233-210,Física,1,0.14285714285714285,Abaixo da Média
387.109.233-210,Geografia ,1,0.14285714285714285,Abaixo da Média
387.109.233-210,História ,1,0.16666666666666666,Abaixo da Média
387.109.233-210,Inglês,2,0.4,Acima da Média
387.109.233-210,Interdisciplinar ,0,0.0,Abaixo da Média
387.109.233-210,Matemática,1,0.1111111111111111,Abaixo da Média
387.109.233-210,Português ,3,0.25,Acima da Média
387.109.233-210,Química ,0,0.0,Abaixo da Média
416.285.625-67,Física,1,0.14285714285714285,Abaixo da Média
416.285.625-67,Geografia ,1,0.14285714285714285,Abaixo da Média
416.285.625-67,História ,0,0.0,Abaixo da Média
416.285.625-67,Inglês,1,0.2,Acima da Média
416.285.625-67,Interdisciplinar ,2,0.2857142857142857,Acima da Média
416.285.625-67,Matemática,4,0.4444444444444444,Acima da Média
416.285.625-67,Português ,5,0.41666666666666663,Acima da Média
416.285.625-67,Química ,3,0.42857142857142855,Acima da Média
423.140.430-64,Física,2,0.2857142857142857,Acima da Média
423.140.430-64,Geografia ,2,0.2857142857142857,Acima da Média
423.140.430-64,História ,1,0.16666666666666666,Abaixo da Média
423.140.430-64,Inglês,2,0.4,Acima da Média
423.140.430-64,Interdisciplinar ,1,0.14285714285714285,Abaixo da Média
423.140.430-64,Matemática,0,0.0,Abaixo da Média
423.140.430-64,Português ,2,0.16666666666666666,Abaixo da Média
423.140.430-64,Química ,0,0.0,Abaixo da Média
426.234.993-109,Física,1,0.14285714285714285,Abaixo da Média
426.234.993-109,Geografia ,1,0.14285714285714285,Abaixo da Média
426.234.993-109,História ,2,0.3333333333333333,Acima da Média
426.234.993-109,Inglês,0,0.0,Abaixo da Média
426.234.993-109,Interdisciplinar ,1,0.14285714285714285,Abaixo da Média
426.234.993-109,Matemática,3,0.3333333333333333,Acima da Média
426.234.993-109,Português ,1,0.08333333333333333,Abaixo da Média
426.234.993-109,Química ,2,0.2857142857142857,Acima da Média
451.349.9105-310,Física,0,0.0,Abaixo da Média
451.349.9105-310,Geografia ,2,0.2857142857142857,Acima da Média
451.349.9105-310,História ,2,0.3333333333333333,Acima da Média
451.349.9105-310,Inglês,0,0.0,Abaixo da Média
451.349.9105-310,Interdisciplinar ,1,0.14285714285714285,Abaixo da Média
451.349.9105-310,Matemática,3,0.3333333333333333,Acima da Média
451.349.9105-310,Português ,5,0.41666666666666663,Acima da Média
451.349.9105-310,Química ,0,0.0,Abaixo da Média
491.541.870-31,Física,1,0.14285714285714285,Abaixo da Média
491.541.870-31,Geografia ,1,0.14285714285714285,Abaixo da Média
491.541.870-31,História ,0,0.0,Abaixo da Média
491.541.870-31,Inglês,1,0.2,Acima da Média
491.541.870-31,Interdisciplinar ,2,0.2857142857142857,Acima da Média
491.541.870-31,Matemática,2,0.2222222222222222,Acima da Média
491.541.870-31,Português ,3,0.25,Acima da Média
491.541.870-31,Química ,2,0.2857142857142857,Acima da Média
493.1047.216-26,Física,0,0.0,Abaixo da Média
493.1047.216-26,Geografia ,2,0.2857142857142857,Acima da Média
493.1047.216-26,História ,2,0.3333333333333333,Acima da Média
493.1047.216-26,Inglês,2,0.4,Acima da Média
493.1047.216-26,Interdisciplinar ,1,0.14285714285714285,Abaixo da Média
493.1047.216-26,Matemática,2,0.2222222222222222,Acima da Média
493.1047.216-26,Português ,5,0.41666666666666663,Acima da Média
493.1047.216-26,Química ,2,0.2857142857142857,Acima da Média
494.7710.995-48,Física,1,0.14285714285714285,Abaixo da Média
494.7710.995-48,Geografia ,1,0.14285714285714285,Abaixo da Média
494.7710.995-48,História ,1,0.16666666666666666,Abaixo da Média
494.7710.995-48,Inglês,0,0.0,Abaixo da Média
494.7710.995-48,Interdisciplinar ,1,0.14285714285714285,Abaixo da Média
494.7710.995-48,Matemática,2,0.2222222222222222,Acima da Média
494.7710.995-48,Português ,1,0.08333333333333333,Abaixo da Média
494.7710.995-48,Química ,2,0.2857142857142857,Acima da Média
497.231.9310-47,Física,1,0.14285714285714285,Abaixo da Média
497.231.9310-47,Geografia ,0,0.0,Abaixo da Média
497.231.9310-47,História ,1,0.16666666666666666,Abaixo da Média
497.231.9310-47,Inglês,1,0.2,Acima da Média
497.231.9310-47,Interdisciplinar ,1,0.14285714285714285,Abaixo da Média
497.231.9310-47,Matemática,2,0.2222222222222222,Acima da Média
497.231.9310-47,Português ,2,0.16666666666666666,Abaixo da Média
497.231.9310-47,Química ,1,0.14285714285714285,Abaixo da Média
498.423.478-74,Física,1,0.14285714285714285,Abaixo da Média
498.423.478-74,Geografia ,1,0.14285714285714285,Abaixo da Média
498.423.478-74,História ,1,0.16666666666666666,Abaixo da Média
498.423.478-74,Inglês,2,0.4,Acima da Média
498.423.478-74,Interdisciplinar ,3,0.42857142857142855,Acima da Média
498.423.478-74,Matemática,1,0.1111111111111111,Abaixo da Média
498.423.478-74,Português ,2,0.16666666666666666,Abaixo da Média
498.423.478-74,Química ,2,0.2857142857142857,Acima da Média
5110.924.887-27,Física,2,0.2857142857142857,Acima da Média
5110.924.887-27,Geografia ,2,0.2857142857142857,Acima da Média
5110.924.887-27,História ,1,0.16666666666666666,Abaixo da Média
5110.924.887-27,Inglês,0,0.0,Abaixo da Média
5110.924.887-27,Interdisciplinar ,1,0.14285714285714285,Abaixo da Média
5110.924.887-27,Matemática,2,0.2222222222222222,Acima da Média
5110.924.887-27,Português ,0,0.0,Abaixo da Média
5110.924.887-27,Química ,1,0.14285714285714285,Abaixo da Média
524.1062.153-27,Física,1,0.14285714285714285,Abaixo da Média
524.1062.153-27,Geografia ,1,0.14285714285714285,Abaixo da Média
524.1062.153-27,História ,0,0.0,Abaixo da Média
524.1062.153-27,Inglês,0,0.0,Abaixo da Média
524.1062.153-27,Interdisciplinar ,5,0.7142857142857142,Acima da Média
524.1062.153-27,Matemática,1,0.1111111111111111,Abaixo da Média
524.1062.153-27,Português ,1,0.08333333333333333,Abaixo da Média
524.1062.153-27,Química ,0,0.0,Abaixo da Média
528.483.305-23,Física,3,0.42857142857142855,Acima da Média
528.483.305-23,Geografia ,2,0.2857142857142857,Acima da Média
528.483.305-23,História ,0,0.0,Abaixo da Média
528.483.305-23,Inglês,1,0.2,Acima da Média
528.483.305-23,Interdisciplinar ,2,0.2857142857142857,Acima da Média
528.483.305-23,Matemática,1,0.1111111111111111,Abaixo da Média
528.483.305-23,Português ,1,0.08333333333333333,Abaixo da Média
528.483.305-23,Química ,3,0.42857142857142855,Acima da Média
5510.4610.0102-75,Física,2,0.2857142857142857,Acima da Média
5510.4610.0102-75,Geografia ,0,0.0,Abaixo da Média
5510.4610.0102-75,História ,0,0.0,Abaixo da Média
5510.4610.0102-75,Inglês,2,0.4,Acima da Média
5510.4610.0102-75,Interdisciplinar ,3,0.42857142857142855,Acima da Média
5510.4610.0102-75,Matemática,3,0.3333333333333333,Acima da Média
5510.4610.0102-75,Português ,1,0.08333333333333333,Abaixo da Média
5510.4610.0102-75,Química ,1,0.14285714285714285,Abaixo da Média
554.123.055-44,Física,2,0.2857142857142857,Acima da Média
554.123.055-44,Geografia ,4,0.5714285714285714,Acima da Média
554.123.055-44,História ,1,0.16666666666666666,Abaixo da Média
554.123.055-44,Inglês,3,0.6000000000000001,Acima da Média
554.123.055-44,Interdisciplinar ,2,0.2857142857142857,Acima da Média
554.123.055-44,Matemática,1,0.1111111111111111,Abaixo da Média
554.123.055-44,Português ,3,0.25,Acima da Média
554.123.055-44,Química ,1,0.14285714285714285,Abaixo da Média
557.801.099-1010,Física,0,0.0,Abaixo da Média
557.801.099-1010,Geografia ,3,0.42857142857142855,Acima da Média
557.801.099-1010,História ,0,0.0,Abaixo da Média
557.801.099-1010,Inglês,1,0.2,Acima da Média
557.801.099-1010,Interdisciplinar ,1,0.14285714285714285,Abaixo da Média
557.801.099-1010,Matemática,1,0.1111111111111111,Abaixo da Média
557.801.099-1010,Português ,3,0.25,Acima da Média
557.801.099-1010,Química ,4,0.5714285714285714,Acima da Média
559.810.261-75,Física,1,0.14285714285714285,Abaixo da Média
559.810.261-75,Geografia ,3,0.42857142857142855,Acima da Média
559.810.261-75,História ,0,0.0,Abaixo da Média
559.810.261-75,Inglês,0,0.0,Abaixo da Média
559.810.261-75,Interdisciplinar ,1,0.14285714285714285,Abaixo da Média
559.810.261-75,Matemática,3,0.3333333333333333,Acima da Média
559.810.261-75,Português ,2,0.16666666666666666,Abaixo da Média
559.810.261-75,Química ,3,0.42857142857142855,Acima da Média
569.2110.227-55,Física,0,0.0,Abaixo da Média
569.2110.227-55,Geografia ,1,0.14285714285714285,Abaixo da Média
569.2110.227-55,História ,1,0.16666666666666666,Abaixo da Média
569.2110.227-55,Inglês,0,0.0,Abaixo da Média
569.2110.227-55,Interdisciplinar ,0,0.0,Abaixo da Média
569.2110.227-55,Matemática,2,0.2222222222222222,Acima da Média
569.2110.227-55,Português ,5,0.41666666666666663,Acima da Média
569.2110.227-55,Química ,2,0.2857142857142857,Acima da Média
581.472.950-76,Física,2,0.2857142857142857,Acima da Média
581.472.950-76,Geografia ,0,0.0,Abaixo da Média
581.472.950-76,História ,0,0.0,Abaixo da Média
581.472.950-76,Inglês,1,0.2,Acima da Média
581.472.950-76,Interdisciplinar ,1,0.14285714285714285,Abaixo da Média
581.472.950-76,Matemática,2,0.2222222222222222,Acima da Média
581.472.950-76,Português ,1,0.08333333333333333,Abaixo da Média
581.472.950-76,Química ,3,0.42857142857142855,Acima da Média
614.0100.731-98,Física,2,0.2857142857142857,Acima da Média
614.0100.731-98,Geografia ,2,0.2857142857142857,Acima da Média
614.0100.731-98,História ,1,0.16666666666666666,Abaixo da Média
614.0100.731-98,Inglês,1,0.2,Acima da Média
614.0100.731-98,Interdisciplinar ,0,0.0,Abaixo da Média
614.0100.731-98,Matemática,0,0.0,Abaixo da Média
614.0100.731-98,Português ,3,0.25,Acima da Média
614.0100.731-98,Química ,2,0.2857142857142857,Acima da Média
618.426.542-210,Física,1,0.14285714285714285,Abaixo da Média
618.426.542-210,Geografia ,2,0.2857142857142857,Acima da Média
618.426.542-210,História ,1,0.16666666666666666,Abaixo da Média
618.426.542-210,Inglês,1,0.2,Acima da Média
618.426.542-210,Interdisciplinar ,2,0.2857142857142857,Acima da Média
618.426.542-210,Matemática,1,0.1111111111111111,Abaixo da Média
618.426.542-210,Português ,3,0.25,Acima da Média
618.426.542-210,Química ,2,0.2857142857142857,Acima da Média
623.185.776-79,Física,0,0.0,Abaixo da Média
623.185.776-79,Geografia ,0,0.0,Abaixo da Média
623.185.776-79,História ,2,0.3333333333333333,Acima da Média
623.185.776-79,Inglês,1,0.2,Acima da Média
623.185.776-79,Interdisciplinar ,2,0.2857142857142857,Acima da Média
623.185.776-79,Matemática,0,0.0,Abaixo da Média
623.185.776-79,Português ,5,0.41666666666666663,Acima da Média
623.185.776-79,Química ,3,0.42857142857142855,Acima da Média
6310.891.742-49,Física,3,0.42857142857142855,Acima da Média
6310.891.742-49,Geografia ,0,0.0,Abaixo da Média
6310.891.742-49,História ,0,0.0,Abaixo da Média
6310.891.742-49,Inglês,2,0.4,Acima da Média
6310.891.742-49,Interdisciplinar ,2,0.2857142857142857,Acima da Média
6310.891.742-49,Matemática,2,0.2222222222222222,Acima da Média
6310.891.742-49,Português ,2,0.16666666666666666,Abaixo da Média
6310.891.742-49,Química ,1,0.14285714285714285,Abaixo da Média
638.1109.7310-53,Física,2,0.2857142857142857,Acima da Média
638.1109.7310-53,Geografia ,2,0.2857142857142857,Acima da Média
638.1109.7310-53,História ,2,0.3333333333333333,Acima da Média
638.1109.7310-53,Inglês,0,0.0,Abaixo da Média
638.1109.7310-53,Interdisciplinar ,0,0.0,Abaixo da Média
638.1109.7310-53,Matemática,1,0.1111111111111111,Abaixo da Média
638.1109.7310-53,Português ,2,0.16666666666666666,Abaixo da Média
638.1109.7310-53,Química ,2,0.2857142857142857,Acima da Média
646.347.668-710,Física,1,0.14285714285714285,Abaixo da Média
646.347.668-710,Geografia ,2,0.2857142857142857,Acima da Média
646.347.668-710,História ,2,0.3333333333333333,Acima da Média
646.347.668-710,Inglês,2,0.4,Acima da Média
646.347.668-710,Interdisciplinar ,1,0.14285714285714285,Abaixo da Média
646.347.668-710,Matemática,4,0.4444444444444444,Acima da Média
646.347.668-710,Português ,3,0.25,Acima da Média
646.347.668-710,Química ,2,0.2857142857142857,Acima da Média
666.826.250-80,Física,2,0.2857142857142857,Acima da Média
666.826.250-80,Geografia ,3,0.42857142857142855,Acima da Média
666.826.250-80,História ,5,0.8333333333333333,Acima da Média
666.826.250-80,Inglês,1,0.2,Acima da Média
666.826.250-80,Interdisciplinar ,0,0.0,Abaixo da Média
666.826.250-80,Matemática,2,0.2222222222222222,Acima da Média
666.826.250-80,Português ,0,0.0,Abaixo da Média
666.826.250-80,Química ,0,0.0,Abaixo da Média
668.265.823-87,Física,2,0.2857142857142857,Acima da Média
668.265.823-87,Geografia ,0,0.0,Abaixo da Média
668.265.823-87,História ,1,0.16666666666666666,Abaixo da Média
668.265.823-87,Inglês,0,0.0,Abaixo da Média
668.265.823-87,Interdisciplinar ,2,0.2857142857142857,Acima da Média
668.265.823-87,Matemática,4,0.4444444444444444,Acima da Média
668.265.823-87,Português ,3,0.25,Acima da Média
668.265.823-87,Química ,2,0.2857142857142857,Acima da Média
668.743.168-55,Física,1,0.14285714285714285,Abaixo da Média
668.743.168-55,Geografia ,2,0.2857142857142857,Acima da Média
668.743.168-55,História ,3,0.5,Acima da Média
668.743.168-55,Inglês,0,0.0,Abaixo da Média
668.743.168-55,Interdisciplinar ,1,0.14285714285714285,Abaixo da Média
668.743.168-55,Matemática,1,0.1111111111111111,Abaixo da Média
668.743.168-55,Português ,3,0.25,Acima da Média
668.743.168-55,Química ,1,0.14285714285714285,Abaixo da Média
669.437.533-92,Física,0,0.0,Abaixo da Média
669.437.533-92,Geografia ,0,0.0,Abaixo da Média
669.437.533-92,História ,2,0.3333333333333333,Acima da Média
669.437.533-92,Inglês,0,0.0,Abaixo da Média
669.437.533-92,Interdisciplinar ,1,0.14285714285714285,Abaixo da Média
669.437.533-92,Matemática,0,0.0,Abaixo da Média
669.437.533-92,Português ,3,0.25,Acima da Média
669.437.533-92,Química ,4,0.5714285714285714,Acima da Média
673.1033.563-34,Física,4,0.5714285714285714,Acima da Média
673.1033.563-34,Geografia ,0,0.0,Abaixo da Média
673.1033.563-34,História ,0,0.0,Abaixo da Média
673.1033.563-34,Inglês,0,0.0,Abaixo da Média
673.1033.563-34,Interdisciplinar ,2,0.2857142857142857,Acima da Média
673.1033.563-34,Matemática,0,0.0,Abaixo da Média
673.1033.563-34,Português ,2,0.16666666666666666,Abaixo da Média
673.1033.563-34,Química ,0,0.0,Abaixo da Média
675.643.640-59,Física,3,0.42857142857142855,Acima da Média
675.643.640-59,Geografia ,0,0.0,Abaixo da Média
675.643.640-59,História ,3,0.5,Acima da Média
675.643.640-59,Inglês,1,0.2,Acima da Média
675.643.640-59,Interdisciplinar ,1,0.14285714285714285,Abaixo da Média
675.643.640-59,Matemática,2,0.2222222222222222,Acima da Média
675.643.640-59,Português ,2,0.16666666666666666,Abaixo da Média
675.643.640-59,Química ,2,0.2857142857142857,Acima da Média
688.118.5310-44,Física,0,0.0,Abaixo da Média
688.118.5310-44,Geografia ,2,0.2857142857142857,Acima da Média
688.118.5310-44,História ,1,0.16666666666666666,Abaixo da Média
688.118.5310-44,Inglês,0,0.0,Abaixo da Média
688.118.5310-44,Interdisciplinar ,2,0.2857142857142857,Acima da Média
688.118.5310-44,Matemática,1,0.1111111111111111,Abaixo da Média
688.118.5310-44,Português ,4,0.3333333333333333,Acima da Média
688.118.5310-44,Química ,1,0.14285714285714285,Abaixo da Média
688.645.354-20,Física,2,0.2857142857142857,Acima da Média
688.645.354-20,Geografia ,1,0.14285714285714285,Abaixo da Média
688.645.354-20,História ,2,0.3333333333333333,Acima da Média
688.645.354-20,Inglês,1,0.2,Acima da Média
688.645.354-20,Interdisciplinar ,0,0.0,Abaixo da Média
688.645.354-20,Matemática,2,0.2222222222222222,Acima da Média
688.645.354-20,Português ,1,0.08333333333333333,Abaixo da Média
688.645.354-20,Química ,4,0.5714285714285714,Acima da Média
693.834.533-22,Física,1,0.14285714285714285,Abaixo da Média
693.834.533-22,Geografia ,2,0.2857142857142857,Acima da Média
693.834.533-22,História ,0,0.0,Abaixo da Média
693.834.533-22,Inglês,0,0.0,Abaixo da Média
693.834.533-22,Interdisciplinar ,1,0.14285714285714285,Abaixo da Média
693.834.533-22,Matemática,1,0.1111111111111111,Abaixo da Média
693.834.533-22,Português ,1,0.08333333333333333,Abaixo da Média
693.834.533-22,Química ,2,0.2857142857142857,Acima da Média
695.292.474-41,Física,2,0.2857142857142857,Acima da Média
695.292.474-41,Geografia ,2,0.2857142857142857,Acima da Média
695.292.474-41,História ,1,0.16666666666666666,Abaixo da Média
695.292.474-41,Inglês,0,0.0,Abaixo da Média
695.292.474-41,Interdisciplinar ,1,0.14285714285714285,Abaixo da Média
695.292.474-41,Matemática,0,0.0,Abaixo da Média
695.292.474-41,Português ,3,0.25,Acima da Média
695.292.474-41,Química ,4,0.5714285714285714,Acima da Média
698.831.740-41,Física,3,0.42857142857142855,Acima da Média
698.831.740-41,Geografia ,0,0.0,Abaixo da Média
698.831.740-41,História ,0,0.0,Abaixo da Média
698.831.740-41,Inglês,2,0.4,Acima da Média
698.831.740-41,Interdisciplinar ,1,0.14285714285714285,Abaixo da Média
698.831.740-41,Matemática,2,0.2222222222222222,Acima da Média
698.831.740-41,Português ,3,0.25,Acima da Média
698.831.740-41,Química ,1,0.14285714285714285,Abaixo da Média
717.871.192-13,Física,0,0.0,Abaixo da Média
717.871.192-13,Geografia ,2,0.2857142857142857,Acima da Média
717.871.192-13,História ,2,0.3333333333333333,Acima da Média
717.871.192-13,Inglês,0,0.0,Abaixo da Média
717.871.192-13,Interdisciplinar ,2,0.2857142857142857,Acima da Média
717.871.192-13,Matemática,0,0.0,Abaixo da Média
717.871.192-13,Português ,2,0.16666666666666666,Abaixo da Média
717.871.192-13,Química ,1,0.14285714285714285,Abaixo da Média
727.526.1910-16,Física,1,0.14285714285714285,Abaixo da Média
727.526.1910-16,Geografia ,1,0.14285714285714285,Abaixo da Média
727.526.1910-16,História ,0,0.0,Abaixo da Média
727.526.1910-16,Inglês,1,0.2,Acima da Média
727.526.1910-16,Interdisciplinar ,1,0.14285714285714285,Abaixo da Média
727.526.1910-16,Matemática,1,0.1111111111111111,Abaixo da Média
727.526.1910-16,Português ,4,0.3333333333333333,Acima da Média
727.526.1910-16,Química ,3,0.42857142857142855,Acima da Média
728.6101.395-55,Física,1,0.14285714285714285,Abaixo da Média
728.6101.395-55,Geografia ,2,0.2857142857142857,Acima da Média
728.6101.395-55,História ,0,0.0,Abaixo da Média
728.6101.395-55,Inglês,0,0.0,Abaixo da Média
728.6101.395-55,Interdisciplinar ,2,0.2857142857142857,Acima da Média
728.6101.395-55,Matemática,4,0.4444444444444444,Acima da Média
728.6101.395-55,Português ,1,0.08333333333333333,Abaixo da Média
728.6101.395-55,Química ,2,0.2857142857142857,Acima da Média
755.449.445-72,Física,1,0.14285714285714285,Abaixo da Média
755.449.445-72,Geografia ,1,0.14285714285714285,Abaixo da Média
755.449.445-72,História ,3,0.5,Acima da Média
755.449.445-72,Inglês,0,0.0,Abaixo da Média
755.449.445-72,Interdisciplinar ,0,0.0,Abaixo da Média
755.449.445-72,Matemática,1,0.1111111111111111,Abaixo da Média
755.449.445-72,Português ,2,0.16666666666666666,Abaixo da Média
755.449.445-72,Química ,0,0.0,Abaixo da Média
7710.140.480-62,Física,3,0.42857142857142855,Acima da Média
7710.140.480-62,Geografia ,1,0.14285714285714285,Abaixo da Média
7710.140.480-62,História ,2,0.3333333333333333,Acima da Média
7710.140.480-62,Inglês,1,0.2,Acima da Média
7710.140.480-62,Interdisciplinar ,1,0.14285714285714285,Abaixo da Média
7710.140.480-62,Matemática,3,0.3333333333333333,Acima da Média
7710.140.480-62,Português ,4,0.3333333333333333,Acima da Média
7710.140.480-62,Química ,2,0.2857142857142857,Acima da Média
772.073.790-00,Física,4,0.5714285714285714,Acima da Média
772.073.790-00,Geografia ,2,0.2857142857142857,Acima da Média
772.073.790-00,História ,1,0.16666666666666666,Abaixo da Média
772.073.790-00,Inglês,1,0.2,Acima da Média
772.073.790-00,Interdisciplinar ,1,0.14285714285714285,Abaixo da Média
772.073.790-00,Matemática,4,0.4444444444444444,Acima da Média
772.073.790-00,Português ,2,0.16666666666666666,Abaixo da Média
772.073.790-00,Química ,2,0.2857142857142857,Acima da Média
7810.713.0710-710,Física,2,0.2857142857142857,Acima da Média
7810.713.0710-710,Geografia ,2,0.2857142857142857,Acima da Média
7810.713.0710-710,História ,1,0.16666666666666666,Abaixo da Média
7810.713.0710-710,Inglês,1,0.2,Acima da Média
7810.713.0710-710,Interdisciplinar ,1,0.14285714285714285,Abaixo da Média
7810.713.0710-710,Matemática,0,0.0,Abaixo da Média
7810.713.0710-710,Português ,3,0.25,Acima da Média
7810.713.0710-710,Química ,1,0.14285714285714285,Abaixo da Média
818.1095.1021-85,Física,2,0.2857142857142857,Acima da Média
818.1095.1021-85,Geografia ,4,0.5714285714285714,Acima da Média
818.1095.1021-85,História ,0,0.0,Abaixo da Média
818.1095.1021-85,Inglês,0,0.0,Abaixo da Média
818.1095.1021-85,Interdisciplinar ,1,0.14285714285714285,Abaixo da Média
818.1095.1021-85,Matemática,2,0.2222222222222222,Acima da Média
818.1095.1021-85,Português ,3,0.25,Acima da Média
818.1095.1021-85,Química ,2,0.2857142857142857,Acima da Média
827.669.9105-64,Física,1,0.14285714285714285,Abaixo da Média
827.669.9105-64,Geografia ,2,0.2857142857142857,Acima da Média
827.669.9105-64,História ,0,0.0,Abaixo da Média
827.669.9105-64,Inglês,1,0.2,Acima da Média
827.669.9105-64,Interdisciplinar ,1,0.14285714285714285,Abaixo da Média
827.669.9105-64,Matemática,1,0.1111111111111111,Abaixo da Média
827.669.9105-64,Português ,1,0.08333333333333333,Abaixo da Média
827.669.9105-64,Química ,1,0.14285714285714285,Abaixo da Média
835.8010.389-38,Física,0,0.0,Abaixo da Média
835.8010.389-38,Geografia ,0,0.0,Abaixo da Média
835.8010.389-38,História ,1,0.16666666666666666,Abaixo da Média
835.8010.389-38,Inglês,0,0.0,Abaixo da Média
835.8010.389-38,Interdisciplinar ,2,0.2857142857142857,Acima da Média
835.8010.389-38,Matemática,2,0.2222222222222222,Acima da Média
835.8010.389-38,Português ,2,0.16666666666666666,Abaixo da Média
835.8010.389-38,Química ,2,0.2857142857142857,Acima da Média
836.932.223-98,Física,2,0.2857142857142857,Acima da Média
836.932.223-98,Geografia ,3,0.42857142857142855,Acima da Média
836.932.223-98,História ,3,0.5,Acima da Média
836.932.223-98,Inglês,1,0.2,Acima da Média
836.932.223-98,Interdisciplinar ,2,0.2857142857142857,Acima da Média
836.932.223-98,Matemática,3,0.3333333333333333,Acima da Média
836.932.223-98,Português ,2,0.16666666666666666,Abaixo da Média
836.932.223-98,Química ,1,0.14285714285714285,Abaixo da Média
840.1045.610-73,Física,1,0.14285714285714285,Abaixo da Média
840.1045.610-73,Geografia ,1,0.14285714285714285,Abaixo da Média
840.1045.610-73,História ,1,0.16666666666666666,Abaixo da Média
840.1045.610-73,Inglês,1,0.2,Acima da Média
840.1045.610-73,Interdisciplinar ,0,0.0,Abaixo da Média
840.1045.610-73,Matemática,2,0.2222222222222222,Acima da Média
840.1045.610-73,Português ,2,0.16666666666666666,Abaixo da Média
840.1045.610-73,Química ,3,0.42857142857142855,Acima da Média
840.191.371-45,Física,1,0.14285714285714285,Abaixo da Média
840.191.371-45,Geografia ,2,0.2857142857142857,Acima da Média
840.191.371-45,História ,2,0.3333333333333333,Acima da Média
840.191.371-45,Inglês,0,0.0,Abaixo da Média
840.191.371-45,Interdisciplinar ,2,0.2857142857142857,Acima da Média
840.191.371-45,Matemática,2,0.2222222222222222,Acima da Média
840.191.371-45,Português ,2,0.16666666666666666,Abaixo da Média
840.191.371-45,Química ,2,0.2857142857142857,Acima da Média
851.492.384-40,Física,0,0.0,Abaixo da Média
851.492.384-40,Geografia ,2,0.2857142857142857,Acima da Média
851.492.384-40,História ,1,0.16666666666666666,Abaixo da Média
851.492.384-40,Inglês,2,0.4,Acima da Média
851.492.384-40,Interdisciplinar ,1,0.14285714285714285,Abaixo da Média
851.492.384-40,Matemática,1,0.1111111111111111,Abaixo da Média
851.492.384-40,Português ,1,0.08333333333333333,Abaixo da Média
851.492.384-40,Química ,3,0.42857142857142855,Acima da Média
859.566.651-72,Física,1,0.14285714285714285,Abaixo da Média
859.566.651-72,Geografia ,0,0.0,Abaixo da Média
859.566.651-72,História ,3,0.5,Acima da Média
859.566.651-72,Inglês,1,0.2,Acima da Média
859.566.651-72,Interdisciplinar ,2,0.2857142857142857,Acima da Média
859.566.651-72,Matemática,4,0.4444444444444444,Acima da Média
859.566.651-72,Português ,3,0.25,Acima da Média
859.566.651-72,Química ,0,0.0,Abaixo da Média
863.637.999-92,Física,3,0.42857142857142855,Acima da Média
863.637.999-92,Geografia ,1,0.14285714285714285,Abaixo da Média
863.637.999-92,História ,1,0.16666666666666666,Abaixo da Média
863.637.999-92,Inglês,0,0.0,Abaixo da Média
863.637.999-92,Interdisciplinar ,0,0.0,Abaixo da Média
863.637.999-92,Matemática,2,0.2222222222222222,Acima da Média
863.637.999-92,Português ,2,0.16666666666666666,Abaixo da Média
863.637.999-92,Química ,0,0.0,Abaixo da Média
881.737.112-19,Física,2,0.2857142857142857,Acima da Média
881.737.112-19,Geografia ,2,0.2857142857142857,Acima da Média
881.737.112-19,História ,1,0.16666666666666666,Abaixo da Média
881.737.112-19,Inglês,0,0.0,Abaixo da Média
881.737.112-19,Interdisciplinar ,3,0.42857142857142855,Acima da Média
881.737.112-19,Matemática,1,0.1111111111111111,Abaixo da Média
881.737.112-19,Português ,2,0.16666666666666666,Abaixo da Média
881.737.112-19,Química ,1,0.14285714285714285,Abaixo da Média
911.265.956-17,Física,0,0.0,Abaixo da Média
911.265.956-17,Geografia ,0,0.0,Abaixo da Média
911.265.956-17,História ,2,0.3333333333333333,Acima da Média
911.265.956-17,Inglês,2,0.4,Acima da Média
911.265.956-17,Interdisciplinar ,1,0.14285714285714285,Abaixo da Média
911.265.956-17,Matemática,2,0.2222222222222222,Acima da Média
911.265.956-17,Português ,1,0.08333333333333333,Abaixo da Média
911.265.956-17,Química ,1,0.14285714285714285,Abaixo da Média
916.629.522-43,Física,3,0.42857142857142855,Acima da Média
916.629.522-43,Geografia ,0,0.0,Abaixo da Média
916.629.522-43,História ,2,0.3333333333333333,Acima da Média
916.629.522-43,Inglês,0,0.0,Abaixo da Média
916.629.522-43,Interdisciplinar ,1,0.14285714285714285,Abaixo da Média
916.629.522-43,Matemática,0,0.0,Abaixo da Média
916.629.522-43,Português ,4,0.3333333333333333,Acima da Média
916.629.522-43,Química ,1,0.14285714285714285,Abaixo da Média
924.364.635-79,Física,5,0.7142857142857142,Acima da Média
924.364.635-79,Geografia ,1,0.14285714285714285,Abaixo da Média
924.364.635-79,História ,0,0.0,Abaixo da Média
924.364.635-79,Inglês,3,0.6000000000000001,Acima da Média
924.364.635-79,Interdisciplinar ,4,0.5714285714285714,Acima da Média
924.364.635-79,Matemática,2,0.2222222222222222,Acima da Média
924.364.635-79,Português ,4,0.3333333333333333,Acima da Média
924.364.635-79,Química ,5,0.7142857142857142,Acima da Média
935.788.418-1010,Física,1,0.14285714285714285,Abaixo da Média
935.788.418-1010,Geografia ,3,0.42857142857142855,Acima da Média
935.788.418-1010,História ,1,0.16666666666666666,Abaixo da Média
935.788.418-1010,Inglês,0,0.0,Abaixo da Média
935.788.418-1010,Interdisciplinar ,1,0.14285714285714285,Abaixo da Média
935.788.418-1010,Matemática,2,0.2222222222222222,Acima da Média
935.788.418-1010,Português ,1,0.08333333333333333,Abaixo da Média
935.788.418-1010,Química ,1,0.14285714285714285,Abaixo da Média
940.775.345-49,Física,4,0.5714285714285714,Acima da Média
940.775.345-49,Geografia ,2,0.2857142857142857,Acima da Média
940.775.345-49,História ,2,0.3333333333333333,Acima da Média
940.775.345-49,Inglês,1,0.2,Acima da Média
940.775.345-49,Interdisciplinar ,1,0.14285714285714285,Abaixo da Média
940.775.345-49,Matemática,2,0.2222222222222222,Acima da Média
940.775.345-49,Português ,1,0.08333333333333333,Abaixo da Média
940.775.345-49,Química ,2,0.2857142857142857,Acima da Média
945.261.932-17,Física,1,0.14285714285714285,Abaixo da Média
945.261.932-17,Geografia ,2,0.2857142857142857,Acima da Média
945.261.932-17,História ,0,0.0,Abaixo da Média
945.261.932-17,Inglês,0,0.0,Abaixo da Média
945.261.932-17,Interdisciplinar ,1,0.14285714285714285,Abaixo da Média
945.261.932-17,Matemática,3,0.3333333333333333,Acima da Média
945.261.932-17,Português ,3,0.25,Acima da Média
945.261.932-17,Química ,2,0.2857142857142857,Acima da Média
945.925.773-51,Física,1,0.14285714285714285,Abaixo da Média
945.925.773-51,Geografia ,2,0.2857142857142857,Acima da Média
945.925.773-51,História ,2,0.3333333333333333,Acima da Média
945.925.773-51,Inglês,0,0.0,Abaixo da Média
945.925.773-51,Interdisciplinar ,1,0.14285714285714285,Abaixo da Média
945.925.773-51,Matemática,0,0.0,Abaixo da Média
945.925.773-51,Português ,3,0.25,Acima da Média
945.925.773-51,Química ,1,0.14285714285714285,Abaixo da Média
946.346.765-51,Física,0,0.0,Abaixo da Média
946.346.765-51,Geografia ,1,0.14285714285714285,Abaixo da Média
946.346.765-51,História ,1,0.16666666666666666,Abaixo da Média
946.346.765-51,Inglês,2,0.4,Acima da Média
946.346.765-51,Interdisciplinar ,0,0.0,Abaixo da Média
946.346.765-51,Matemática,3,0.3333333333333333,Acima da Média
946.346.765-51,Português ,5,0.41666666666666663,Acima da Média
946.346.765-51,Química ,2,0.2857142857142857,Acima da Média
949.1093.645-25,Física,0,0.0,Abaixo da Média
949.1093.645-25,Geografia ,2,0.2857142857142857,Acima da Média
949.1093.645-25,História ,0,0.0,Abaixo da Média
949.1093.645-25,Inglês,0,0.0,Abaixo da Média
949.1093.645-25,Interdisciplinar ,1,0.14285714285714285,Abaixo da Média
949.1093.645-25,Matemática,1,0.1111111111111111,Abaixo da Média
949.1093.645-25,Português ,0,0.0,Abaixo da Média
949.1093.645-25,Química ,2,0.2857142857142857,Acima da Média
950.912.141-81,Física,2,0.2857142857142857,Acima da Média
950.912.141-81,Geografia ,2,0.2857142857142857,Acima da Média
950.912.141-81,História ,1,0.16666666666666666,Abaixo da Média
950.912.141-81,Inglês,0,0.0,Abaixo da Média
950.912.141-81,Interdisciplinar ,2,0.2857142857142857,Acima da Média
950.912.141-81,Matemática,3,0.3333333333333333,Acima da Média
950.912.141-81,Português ,3,0.25,Acima da Média
950.912.141-81,Química ,2,0.2857142857142857,Acima da Média
9510.776.144-85,Física,3,0.42857142857142855,Acima da Média
9510.776.144-85,Geografia ,1,0.14285714285714285,Abaixo da Média
9510.776.144-85,História ,0,0.0,Abaixo da Média
9510.776.144-85,Inglês,0,0.0,Abaixo da Média
9510.776.144-85,Interdisciplinar ,1,0.14285714285714285,Abaixo da Média
9510.776.144-85,Matemática,1,0.1111111111111111,Abaixo da Média
9510.776.144-85,Português ,4,0.3333333333333333,Acima da Média
9510.776.144-85,Química ,2,0.2857142857142857,Acima da Média
954.023.248-72,Física,2,0.2857142857142857,Acima da Média
954.023.248-72,Geografia ,4,0.5714285714285714,Acima da Média
954.023.248-72,História ,2,0.3333333333333333,Acima da Média
954.023.248-72,Inglês,1,0.2,Acima da Média
954.023.248-72,Interdisciplinar ,1,0.14285714285714285,Abaixo da Média
954.023.248-72,Matemática,3,0.3333333333333333,Acima da Média
954.023.248-72,Português ,3,0.25,Acima da Média
954.023.248-72,Química ,0,0.0,Abaixo da Média
954.364.444-77,Física,1,0.14285714285714285,Abaixo da Média
954.364.444-77,Geografia ,0,0.0,Abaixo da Média
954.364.444-77,História ,0,0.0,Abaixo da Média
954.364.444-77,Inglês,3,0.6000000000000001,Acima da Média
954.364.444-77,Interdisciplinar ,2,0.2857142857142857,Acima da Média
954.364.444-77,Matemática,3,0.3333333333333333,Acima da Média
954.364.444-77,Português ,1,0.08333333333333333,Abaixo da Média
954.364.444-77,Química ,1,0.14285714285714285,Abaixo da Média
954.485.258-27,Física,1,0.14285714285714285,Abaixo da Média
954.485.258-27,Geografia ,1,0.14285714285714285,Abaixo da Média
954.485.258-27,História ,1,0.16666666666666666,Abaixo da Média
954.485.258-27,Inglês,0,0.0,Abaixo da Média
954.485.258-27,Interdisciplinar ,2,0.2857142857142857,Acima da Média
954.485.258-27,Matemática,2,0.2222222222222222,Acima da Média
954.485.258-27,Português ,2,0.16666666666666666,Abaixo da Média
954.485.258-27,Química ,1,0.14285714285714285,Abaixo da Média
966.187.877-17,Física,4,0.5714285714285714,Acima da Média
966.187.877-17,Geografia ,1,0.14285714285714285,Abaixo da Média
966.187.877-17,História ,0,0.0,Abaixo da Média
966.187.877-17,Inglês,0,0.0,Abaixo da Média
966.187.877-17,Interdisciplinar ,2,0.2857142857142857,Acima da Média
966.187.877-17,Matemática,2,0.2222222222222222,Acima da Média
966.187.877-17,Português ,1,0.08333333333333333,Abaixo da Média
966.187.877-17,Química ,1,0.14285714285714285,Abaixo da Média
9710.773.1042-63,Física,2,0.2857142857142857,Acima da Média
9710.773.1042-63,Geografia ,1,0.14285714285714285,Abaixo da Média
9710.773.1042-63,História ,1,0.16666666666666666,Abaixo da Média
9710.773.1042-63,Inglês,2,0.4,Acima da Média
9710.773.1042-63,Interdisciplinar ,0,0.0,Abaixo da Média
9710.773.1042-63,Matemática,3,0.3333333333333333,Acima da Média
9710.773.1042-63,Português ,2,0.16666666666666666,Abaixo da Média
9710.773.1042-63,Química ,1,0.14285714285714285,Abaixo da Média
973.700.662-92,Física,3,0.42857142857142855,Acima da Média
973.700.662-92,Geografia ,1,0.14285714285714285,Abaixo da Média
973.700.662-92,História ,1,0.16666666666666666,Abaixo da Média
973.700.662-92,Inglês,1,0.2,Acima da Média
973.700.662-92,Interdisciplinar ,1,0.14285714285714285,Abaixo da Média
973.700.662-92,Matemática,1,0.1111111111111111,Abaixo da Média
973.700.662-92,Português ,5,0.41666666666666663,Acima da Média
973.700.662-92,Química ,2,0.2857142857142857,Acima da Média
984.145.383-61,Física,2,0.2857142857142857,Acima da Média
984.145.383-61,Geografia ,1,0.14285714285714285,Abaixo da Média
984.145.383-61,História ,2,0.3333333333333333,Acima da Média
984.145.383-61,Inglês,0,0.0,Abaixo da Média
984.145.383-61,Interdisciplinar ,0,0.0,Abaixo da Média
984.145.383-61,Matemática,3,0.3333333333333333,Acima da Média
984.145.383-61,Português ,1,0.08333333333333333,Abaixo da Média
984.145.383-61,Química ,2,0.2857142857142857,Acima da Média
996.133.646-85,Física,2,0.2857142857142857,Acima da Média
996.133.646-85,Geografia ,1,0.14285714285714285,Abaixo da Média
996.133.646-85,História ,1,0.16666666666666666,Abaixo da Média
996.133.646-85,Inglês,0,0.0,Abaixo da Média
996.133.646-85,Interdisciplinar ,1,0.14285714285714285,Abaixo da Média
996.133.646-85,Matemática,1,0.1111111111111111,Abaixo da Média
996.133.646-85,Português ,3,0.25,Acima da Média
996.133.646-85,Química ,2,0.2857142857142857,Acima da Média
